name,red,green,blue,cluster
xkcd:eggshell blue,0.7686274509803922,1.0,0.9686274509803922,0
xkcd:evergreen,0.0196078431372549,0.2784313725490196,0.16470588235294117,-1
xkcd:light lime,0.6823529411764706,0.9921568627450981,0.4235294117647059,1
xkcd:seafoam blue,0.47058823529411764,0.8196078431372549,0.7137254901960784,-1
xkcd:electric purple,0.6666666666666666,0.13725490196078433,1.0,-1
xkcd:deep teal,0.0,0.3333333333333333,0.35294117647058826,2
xkcd:dark purple,0.20784313725490197,0.023529411764705882,0.24313725490196078,3
xkcd:dark seafoam,0.12156862745098039,0.7098039215686275,0.47843137254901963,4
xkcd:wheat,0.984313725490196,0.8666666666666667,0.49411764705882355,5
xkcd:grape purple,0.36470588235294116,0.0784313725490196,0.3176470588235294,6
xkcd:blue,0.011764705882352941,0.2627450980392157,0.8745098039215686,-1
xkcd:straw,0.9882352941176471,0.9647058823529412,0.4745098039215686,5
xkcd:raw umber,0.6549019607843137,0.3686274509803922,0.03529411764705882,7
xkcd:yellowish brown,0.6078431372549019,0.47843137254901963,0.00392156862745098,7
xkcd:foam green,0.5647058823529412,0.9921568627450981,0.6627450980392157,8
xkcd:light peach,1.0,0.8470588235294118,0.6941176470588235,9
xkcd:violet,0.6039215686274509,0.054901960784313725,0.9176470588235294,55
xkcd:wine red,0.4823529411764706,0.011764705882352941,0.13725490196078433,10
xkcd:baby blue,0.6352941176470588,0.8117647058823529,0.996078431372549,11
xkcd:grey/blue,0.39215686274509803,0.49019607843137253,0.5568627450980392,12
xkcd:green/blue,0.00392156862745098,0.7529411764705882,0.5529411764705883,45
xkcd:dark plum,0.24705882352941178,0.00392156862745098,0.17254901960784313,3
xkcd:hot green,0.1450980392156863,1.0,0.1607843137254902,33
xkcd:baby poo,0.6705882352941176,0.5647058823529412,0.01568627450980392,7
xkcd:light purple,0.7490196078431373,0.4666666666666667,0.9647058823529412,13
xkcd:camel,0.7764705882352941,0.6235294117647059,0.34901960784313724,14
xkcd:purplish brown,0.4196078431372549,0.25882352941176473,0.2784313725490196,15
xkcd:almost black,0.027450980392156862,0.050980392156862744,0.050980392156862744,-1
xkcd:very dark green,0.023529411764705882,0.1803921568627451,0.011764705882352941,16
xkcd:dark sage,0.34901960784313724,0.5215686274509804,0.33725490196078434,17
xkcd:mossy green,0.38823529411764707,0.5450980392156862,0.15294117647058825,17
xkcd:pastel blue,0.6352941176470588,0.7490196078431373,0.996078431372549,11
xkcd:pink red,0.9607843137254902,0.0196078431372549,0.30980392156862746,47
xkcd:sea green,0.3254901960784314,0.9882352941176471,0.6313725490196078,22
xkcd:brick red,0.5607843137254902,0.0784313725490196,0.00784313725490196,18
xkcd:bluegrey,0.5215686274509804,0.6392156862745098,0.6980392156862745,19
xkcd:snot,0.6745098039215687,0.7333333333333333,0.050980392156862744,7
xkcd:dark green blue,0.12156862745098039,0.38823529411764707,0.3411764705882353,-1
xkcd:dark periwinkle,0.4,0.37254901960784315,0.8196078431372549,20
xkcd:pure blue,0.00784313725490196,0.011764705882352941,0.8862745098039215,-1
xkcd:bright aqua,0.043137254901960784,0.9764705882352941,0.9176470588235294,46
xkcd:purplish,0.5803921568627451,0.33725490196078434,0.5490196078431373,21
xkcd:pale,1.0,0.9764705882352941,0.8156862745098039,9
xkcd:forrest green,0.08235294117647059,0.26666666666666666,0.023529411764705882,16
xkcd:blue grey,0.3764705882352941,0.48627450980392156,0.5568627450980392,12
xkcd:light green blue,0.33725490196078434,0.9882352941176471,0.6352941176470588,22
xkcd:buff,0.996078431372549,0.9647058823529412,0.6196078431372549,9
xkcd:greyish pink,0.7843137254901961,0.5529411764705883,0.5803921568627451,23
xkcd:sickly yellow,0.8156862745098039,0.8941176470588236,0.1607843137254902,28
xkcd:blue violet,0.36470588235294116,0.023529411764705882,0.9137254901960784,24
xkcd:ice blue,0.8431372549019608,1.0,0.996078431372549,0
xkcd:dark olive,0.21568627450980393,0.24313725490196078,0.00784313725490196,25
xkcd:pastel yellow,1.0,0.996078431372549,0.44313725490196076,5
xkcd:baby green,0.5490196078431373,1.0,0.6196078431372549,8
xkcd:slate blue,0.3568627450980392,0.48627450980392156,0.6,12
xkcd:bright lilac,0.788235294117647,0.3686274509803922,0.984313725490196,13
xkcd:purpley,0.5294117647058824,0.33725490196078434,0.8941176470588236,-1
xkcd:pale sky blue,0.7411764705882353,0.9647058823529412,0.996078431372549,0
xkcd:vivid blue,0.08235294117647059,0.1803921568627451,1.0,-1
xkcd:pale gold,0.9921568627450981,0.8705882352941177,0.4235294117647059,5
xkcd:poop brown,0.47843137254901963,0.34901960784313724,0.00392156862745098,7
xkcd:greeny blue,0.25882352941176473,0.7019607843137254,0.5843137254901961,-1
xkcd:ecru,0.996078431372549,1.0,0.792156862745098,9
xkcd:dirt,0.5411764705882353,0.43137254901960786,0.27058823529411763,17
xkcd:orangey yellow,0.9921568627450981,0.7254901960784313,0.08235294117647059,26
xkcd:pale brown,0.6941176470588235,0.5686274509803921,0.43137254901960786,14
xkcd:pale lavender,0.9333333333333333,0.8117647058823529,0.996078431372549,27
xkcd:yellow green,0.7529411764705882,0.984313725490196,0.17647058823529413,28
xkcd:viridian,0.11764705882352941,0.5686274509803921,0.403921568627451,2
xkcd:dark violet,0.20392156862745098,0.00392156862745098,0.24705882352941178,3
xkcd:brown red,0.5725490196078431,0.16862745098039217,0.0196078431372549,18
xkcd:olive green,0.403921568627451,0.47843137254901963,0.01568627450980392,7
xkcd:bright lime,0.5294117647058824,0.9921568627450981,0.0196078431372549,29
xkcd:grass,0.3607843137254902,0.6745098039215687,0.17647058823529413,17
xkcd:carmine,0.615686274509804,0.00784313725490196,0.08627450980392157,18
xkcd:soft pink,0.9921568627450981,0.6901960784313725,0.7529411764705882,30
xkcd:turquoise blue,0.023529411764705882,0.6941176470588235,0.7686274509803922,-1
xkcd:orangish red,0.9568627450980393,0.21176470588235294,0.0196078431372549,31
xkcd:reddy brown,0.43137254901960786,0.06274509803921569,0.0196078431372549,18
xkcd:poop,0.4980392156862745,0.3686274509803922,0.0,7
xkcd:dark slate blue,0.12941176470588237,0.2784313725490196,0.3803921568627451,72
xkcd:dodger blue,0.24313725490196078,0.5098039215686274,0.9882352941176471,-1
xkcd:deep turquoise,0.00392156862745098,0.45098039215686275,0.4549019607843137,2
xkcd:bubble gum pink,1.0,0.4117647058823529,0.6862745098039216,-1
xkcd:cool green,0.2,0.7215686274509804,0.39215686274509803,4
xkcd:indigo,0.2196078431372549,0.00784313725490196,0.5098039215686274,-1
xkcd:wisteria,0.6588235294117647,0.49019607843137253,0.7607843137254902,56
xkcd:muted green,0.37254901960784315,0.6274509803921569,0.3215686274509804,17
xkcd:light eggplant,0.5372549019607843,0.27058823529411763,0.5215686274509804,-1
xkcd:swamp,0.4117647058823529,0.5137254901960784,0.2235294117647059,17
xkcd:electric pink,1.0,0.01568627450980392,0.5647058823529412,32
xkcd:murky green,0.4235294117647059,0.47843137254901963,0.054901960784313725,7
xkcd:vomit green,0.5372549019607843,0.6352941176470588,0.011764705882352941,7
xkcd:radioactive green,0.17254901960784313,0.9803921568627451,0.12156862745098039,33
xkcd:aqua green,0.07058823529411765,0.8823529411764706,0.5764705882352941,-1
xkcd:yellow brown,0.7176470588235294,0.5803921568627451,0.0,7
xkcd:fuchsia,0.9294117647058824,0.050980392156862744,0.8509803921568627,34
xkcd:ocean blue,0.011764705882352941,0.44313725490196076,0.611764705882353,2
xkcd:light blue grey,0.7176470588235294,0.788235294117647,0.8862745098039215,76
xkcd:sepia,0.596078431372549,0.3686274509803922,0.16862745098039217,42
xkcd:dark beige,0.6745098039215687,0.5764705882352941,0.3843137254901961,14
xkcd:pear,0.796078431372549,0.9725490196078431,0.37254901960784315,1
xkcd:dusty pink,0.8352941176470589,0.5411764705882353,0.5803921568627451,23
xkcd:mulberry,0.5725490196078431,0.0392156862745098,0.3058823529411765,35
xkcd:twilight blue,0.0392156862745098,0.2627450980392157,0.47843137254901963,36
xkcd:tiffany blue,0.4823529411764706,0.9490196078431372,0.8549019607843137,8
xkcd:sunflower,1.0,0.7725490196078432,0.07058823529411765,26
xkcd:light sky blue,0.7764705882352941,0.9882352941176471,1.0,0
xkcd:lighter green,0.4588235294117647,0.9921568627450981,0.38823529411764707,-1
xkcd:pale orange,1.0,0.6549019607843137,0.33725490196078434,37
xkcd:navy,0.00392156862745098,0.08235294117647059,0.24313725490196078,38
xkcd:flat green,0.4117647058823529,0.615686274509804,0.2980392156862745,17
xkcd:lemon green,0.6784313725490196,0.9725490196078431,0.00784313725490196,29
xkcd:cranberry,0.6196078431372549,0.0,0.22745098039215686,10
xkcd:reddish grey,0.6,0.4588235294117647,0.4392156862745098,17
xkcd:pinkish grey,0.7843137254901961,0.6745098039215687,0.6627450980392157,-1
xkcd:jungle green,0.01568627450980392,0.5098039215686274,0.2627450980392157,65
xkcd:pinkish tan,0.8509803921568627,0.6078431372549019,0.5098039215686274,-1
xkcd:swamp green,0.4549019607843137,0.5215686274509804,0.0,7
xkcd:parchment,0.996078431372549,0.9882352941176471,0.6862745098039216,9
xkcd:blush,0.9490196078431372,0.6196078431372549,0.5568627450980392,39
xkcd:spruce,0.0392156862745098,0.37254901960784315,0.2196078431372549,-1
xkcd:light royal blue,0.22745098039215686,0.1803921568627451,0.996078431372549,-1
xkcd:dark cyan,0.0392156862745098,0.5333333333333333,0.5411764705882353,2
xkcd:khaki green,0.4470588235294118,0.5254901960784314,0.2235294117647059,17
xkcd:bright magenta,1.0,0.03137254901960784,0.9098039215686274,-1
xkcd:greenish tan,0.7372549019607844,0.796078431372549,0.47843137254901963,40
xkcd:emerald green,0.00784313725490196,0.5607843137254902,0.11764705882352941,65
xkcd:liliac,0.7686274509803922,0.5568627450980392,0.9921568627450981,27
xkcd:aqua marine,0.1803921568627451,0.9098039215686274,0.7333333333333333,-1
xkcd:robin's egg,0.42745098039215684,0.9294117647058824,0.9921568627450981,-1
xkcd:sage green,0.5333333333333333,0.7019607843137254,0.47058823529411764,41
xkcd:marigold,0.9882352941176471,0.7529411764705882,0.023529411764705882,26
xkcd:bland,0.6862745098039216,0.6588235294117647,0.5450980392156862,14
xkcd:clay brown,0.6980392156862745,0.44313725490196076,0.23921568627450981,42
xkcd:dusky rose,0.7294117647058823,0.40784313725490196,0.45098039215686275,23
xkcd:dark cream,1.0,0.9529411764705882,0.6039215686274509,5
xkcd:ultramarine,0.12549019607843137,0.0,0.6941176470588235,-1
xkcd:reddish,0.7686274509803922,0.25882352941176473,0.25098039215686274,42
xkcd:coffee,0.6509803921568628,0.5058823529411764,0.2980392156862745,43
xkcd:bruise,0.49411764705882355,0.25098039215686274,0.44313725490196076,44
xkcd:light navy blue,0.1803921568627451,0.35294117647058826,0.5333333333333333,36
xkcd:burnt siena,0.7176470588235294,0.3215686274509804,0.011764705882352941,7
xkcd:green teal,0.047058823529411764,0.7098039215686275,0.4666666666666667,45
xkcd:red,0.8980392156862745,0.0,0.0,-1
xkcd:orangey brown,0.6941176470588235,0.3764705882352941,0.00784313725490196,7
xkcd:bright turquoise,0.058823529411764705,0.996078431372549,0.9764705882352941,46
xkcd:poop green,0.43529411764705883,0.48627450980392156,0.0,7
xkcd:deep purple,0.21176470588235294,0.00392156862745098,0.24705882352941178,3
xkcd:tomato,0.9372549019607843,0.25098039215686274,0.14901960784313725,31
xkcd:bluey green,0.16862745098039217,0.6941176470588235,0.4745098039215686,4
xkcd:melon,1.0,0.47058823529411764,0.3333333333333333,37
xkcd:green yellow,0.788235294117647,1.0,0.15294117647058825,28
xkcd:dark navy blue,0.0,0.00784313725490196,0.1803921568627451,38
xkcd:velvet,0.4588235294117647,0.03137254901960784,0.3176470588235294,10
xkcd:lightish green,0.3803921568627451,0.8823529411764706,0.3764705882352941,-1
xkcd:nice blue,0.06274509803921569,0.47843137254901963,0.6901960784313725,-1
xkcd:butter yellow,1.0,0.9921568627450981,0.4549019607843137,5
xkcd:dusky pink,0.8,0.47843137254901963,0.5450980392156862,23
xkcd:algae,0.32941176470588235,0.6745098039215687,0.40784313725490196,17
xkcd:neon red,1.0,0.027450980392156862,0.22745098039215686,47
xkcd:dark pink,0.796078431372549,0.2549019607843137,0.4196078431372549,42
xkcd:mustard green,0.6588235294117647,0.7098039215686275,0.01568627450980392,7
xkcd:greeny grey,0.49411764705882355,0.6274509803921569,0.47843137254901963,41
xkcd:brownish pink,0.7607843137254902,0.49411764705882355,0.4745098039215686,23
xkcd:dusky purple,0.5372549019607843,0.3568627450980392,0.4823529411764706,21
xkcd:toupe,0.7803921568627451,0.6745098039215687,0.49019607843137253,14
xkcd:dull blue,0.28627450980392155,0.4588235294117647,0.611764705882353,12
xkcd:ocean green,0.23921568627450981,0.6,0.45098039215686275,17
xkcd:peach,1.0,0.6901960784313725,0.48627450980392156,-1
xkcd:tealish,0.1411764705882353,0.7372549019607844,0.6588235294117647,75
xkcd:amber,0.996078431372549,0.7019607843137254,0.03137254901960784,26
xkcd:pinkish purple,0.8392156862745098,0.2823529411764706,0.8431372549019608,48
xkcd:pink/purple,0.9372549019607843,0.11372549019607843,0.9058823529411765,34
xkcd:mocha,0.615686274509804,0.4627450980392157,0.3176470588235294,43
xkcd:bottle green,0.01568627450980392,0.2901960784313726,0.0196078431372549,16
xkcd:drab,0.5098039215686274,0.5137254901960784,0.26666666666666666,17
xkcd:maize,0.9568627450980393,0.8156862745098039,0.32941176470588235,-1
xkcd:icky green,0.5607843137254902,0.6823529411764706,0.13333333333333333,7
xkcd:sandy brown,0.7686274509803922,0.6509803921568628,0.3803921568627451,14
xkcd:desert,0.8,0.6784313725490196,0.3764705882352941,14
xkcd:purpleish pink,0.8745098039215686,0.3058823529411765,0.7843137254901961,48
xkcd:baby poop,0.5764705882352941,0.48627450980392156,0.0,7
xkcd:olive drab,0.43529411764705883,0.4627450980392157,0.19607843137254902,17
xkcd:grey,0.5725490196078431,0.5843137254901961,0.5686274509803921,70
xkcd:easter green,0.5490196078431373,0.9921568627450981,0.49411764705882355,1
xkcd:sunflower yellow,1.0,0.8549019607843137,0.011764705882352941,-1
xkcd:sky,0.5098039215686274,0.792156862745098,0.9882352941176471,11
xkcd:greyish blue,0.3686274509803922,0.5058823529411764,0.615686274509804,12
xkcd:rusty red,0.6862745098039216,0.1843137254901961,0.050980392156862744,18
xkcd:yellowish tan,0.9882352941176471,0.9882352941176471,0.5058823529411764,5
xkcd:green apple,0.3686274509803922,0.8627450980392157,0.12156862745098039,-1
xkcd:light yellowish green,0.7607843137254902,1.0,0.5372549019607843,1
xkcd:deep green,0.00784313725490196,0.34901960784313724,0.058823529411764705,16
xkcd:tea,0.396078431372549,0.6705882352941176,0.48627450980392156,41
xkcd:dark mauve,0.5294117647058824,0.2980392156862745,0.3843137254901961,44
xkcd:lightblue,0.4823529411764706,0.7843137254901961,0.9647058823529412,11
xkcd:cool grey,0.5843137254901961,0.6392156862745098,0.6509803921568628,19
xkcd:light grey blue,0.615686274509804,0.7372549019607844,0.8313725490196079,76
xkcd:mushroom,0.7294117647058823,0.6196078431372549,0.5333333333333333,14
xkcd:pale yellow,1.0,1.0,0.5176470588235295,5
xkcd:olive,0.43137254901960786,0.4588235294117647,0.054901960784313725,7
xkcd:deep rose,0.7803921568627451,0.2784313725490196,0.403921568627451,42
xkcd:pale purple,0.7176470588235294,0.5647058823529412,0.8313725490196079,-1
xkcd:banana,1.0,1.0,0.49411764705882355,5
xkcd:dirty green,0.4,0.49411764705882355,0.17254901960784313,17
xkcd:violet blue,0.3176470588235294,0.0392156862745098,0.788235294117647,-1
xkcd:bright light green,0.17647058823529413,0.996078431372549,0.32941176470588235,-1
xkcd:clay,0.7137254901960784,0.41568627450980394,0.3137254901960784,42
xkcd:charcoal,0.20392156862745098,0.2196078431372549,0.21568627450980393,49
xkcd:jade green,0.16862745098039217,0.6862745098039216,0.41568627450980394,4
xkcd:soft blue,0.39215686274509803,0.5333333333333333,0.9176470588235294,-1
xkcd:off blue,0.33725490196078434,0.5176470588235295,0.6823529411764706,12
xkcd:dark green,0.011764705882352941,0.20784313725490197,0.0,16
xkcd:medium green,0.2235294117647059,0.6784313725490196,0.2823529411764706,-1
xkcd:mud green,0.3764705882352941,0.4,0.00784313725490196,7
xkcd:puke,0.6470588235294118,0.6470588235294118,0.00784313725490196,7
xkcd:pastel purple,0.792156862745098,0.6274509803921569,1.0,27
xkcd:mauve,0.6823529411764706,0.44313725490196076,0.5058823529411764,23
xkcd:mango,1.0,0.6509803921568628,0.16862745098039217,-1
xkcd:bluegreen,0.00392156862745098,0.47843137254901963,0.4745098039215686,2
xkcd:medium grey,0.49019607843137253,0.4980392156862745,0.48627450980392156,21
xkcd:avocado,0.5647058823529412,0.6941176470588235,0.20392156862745098,-1
xkcd:leather,0.6745098039215687,0.4549019607843137,0.20392156862745098,42
xkcd:bright blue,0.00392156862745098,0.396078431372549,0.9882352941176471,50
xkcd:terra cotta,0.788235294117647,0.39215686274509803,0.23137254901960785,42
xkcd:avocado green,0.5294117647058824,0.6627450980392157,0.13333333333333333,7
xkcd:clear blue,0.1411764705882353,0.47843137254901963,0.9921568627450981,-1
xkcd:terracotta,0.792156862745098,0.4,0.2549019607843137,42
xkcd:steel grey,0.43529411764705883,0.5098039215686274,0.5411764705882353,12
xkcd:very light purple,0.9647058823529412,0.807843137254902,0.9882352941176471,27
xkcd:french blue,0.2627450980392157,0.4196078431372549,0.6784313725490196,12
xkcd:light mauve,0.7607843137254902,0.5725490196078431,0.6313725490196078,51
xkcd:faded orange,0.9411764705882353,0.5803921568627451,0.30196078431372547,37
xkcd:primary blue,0.03137254901960784,0.01568627450980392,0.9764705882352941,-1
xkcd:brownish red,0.6196078431372549,0.21176470588235294,0.13725490196078433,-1
xkcd:ocher,0.7490196078431373,0.6078431372549019,0.047058823529411764,7
xkcd:claret,0.40784313725490196,0.0,0.09411764705882353,10
xkcd:flat blue,0.23529411764705882,0.45098039215686275,0.6588235294117647,12
xkcd:yellow/green,0.7843137254901961,0.9921568627450981,0.23921568627450981,28
xkcd:stone,0.6784313725490196,0.6470588235294118,0.5294117647058824,14
xkcd:camouflage green,0.29411764705882354,0.3803921568627451,0.07450980392156863,52
xkcd:strong pink,1.0,0.027450980392156862,0.5372549019607843,32
xkcd:diarrhea,0.6235294117647059,0.5137254901960784,0.011764705882352941,7
xkcd:dirty purple,0.45098039215686275,0.2901960784313726,0.396078431372549,44
xkcd:frog green,0.34509803921568627,0.7372549019607844,0.03137254901960784,53
xkcd:dark khaki,0.6078431372549019,0.5607843137254902,0.3333333333333333,43
xkcd:shit green,0.4588235294117647,0.5019607843137255,0.0,7
xkcd:dark pastel green,0.33725490196078434,0.6823529411764706,0.3411764705882353,17
xkcd:warm blue,0.29411764705882354,0.3411764705882353,0.8588235294117647,-1
xkcd:bright lavender,0.7803921568627451,0.3764705882352941,1.0,13
xkcd:dusty red,0.7254901960784313,0.2823529411764706,0.3058823529411765,42
xkcd:pale lime green,0.6941176470588235,1.0,0.396078431372549,1
xkcd:bright light blue,0.14901960784313725,0.9686274509803922,0.9921568627450981,-1
xkcd:pistachio,0.7529411764705882,0.9803921568627451,0.5450980392156862,1
xkcd:red wine,0.5490196078431373,0.0,0.20392156862745098,10
xkcd:light brown,0.6784313725490196,0.5058823529411764,0.3137254901960784,43
xkcd:reddish pink,0.996078431372549,0.17254901960784313,0.32941176470588235,54
xkcd:cyan,0.0,1.0,1.0,46
xkcd:dark peach,0.8705882352941177,0.49411764705882355,0.36470588235294116,-1
xkcd:dark,0.10588235294117647,0.1411764705882353,0.19215686274509805,-1
xkcd:ocre,0.7764705882352941,0.611764705882353,0.01568627450980392,7
xkcd:sapphire,0.12941176470588237,0.2196078431372549,0.6705882352941176,-1
xkcd:faded blue,0.396078431372549,0.5490196078431373,0.7333333333333333,-1
xkcd:warm pink,0.984313725490196,0.3333333333333333,0.5058823529411764,-1
xkcd:cornflower blue,0.3176470588235294,0.4392156862745098,0.8431372549019608,-1
xkcd:hot pink,1.0,0.00784313725490196,0.5529411764705883,32
xkcd:dark forest green,0.0,0.17647058823529413,0.01568627450980392,16
xkcd:vivid purple,0.6,0.0,0.9803921568627451,55
xkcd:bluey grey,0.5372549019607843,0.6274509803921569,0.6901960784313725,19
xkcd:periwinkle blue,0.5607843137254902,0.6,0.984313725490196,68
xkcd:kiwi,0.611764705882353,0.9372549019607843,0.2627450980392157,-1
xkcd:eggplant,0.2196078431372549,0.03137254901960784,0.20784313725490197,3
xkcd:creme,1.0,1.0,0.7137254901960784,9
xkcd:deep sea blue,0.00392156862745098,0.32941176470588235,0.5098039215686274,36
xkcd:pale olive,0.7254901960784313,0.8,0.5058823529411764,40
xkcd:salmon pink,0.996078431372549,0.4823529411764706,0.48627450980392156,51
xkcd:ugly brown,0.49019607843137253,0.44313725490196076,0.011764705882352941,7
xkcd:slate grey,0.34901960784313724,0.396078431372549,0.42745098039215684,36
xkcd:tree green,0.16470588235294117,0.49411764705882355,0.09803921568627451,-1
xkcd:lemon lime,0.7490196078431373,0.996078431372549,0.1568627450980392,28
xkcd:lightish blue,0.23921568627450981,0.47843137254901963,0.9921568627450981,-1
xkcd:orange red,0.9921568627450981,0.2549019607843137,0.11764705882352941,31
xkcd:purple,0.49411764705882355,0.11764705882352941,0.611764705882353,-1
xkcd:deep lilac,0.5882352941176471,0.43137254901960786,0.7411764705882353,56
xkcd:bright yellow green,0.615686274509804,1.0,0.0,29
xkcd:greenish teal,0.19607843137254902,0.7490196078431373,0.5176470588235295,4
xkcd:vermillion,0.9568627450980393,0.19607843137254902,0.047058823529411764,31
xkcd:dirt brown,0.5137254901960784,0.396078431372549,0.2235294117647059,17
xkcd:perrywinkle,0.5607843137254902,0.5490196078431373,0.9058823529411765,68
xkcd:greyblue,0.4666666666666667,0.6313725490196078,0.7098039215686275,19
xkcd:pine,0.16862745098039217,0.36470588235294116,0.20392156862745098,-1
xkcd:pale green,0.7803921568627451,0.9921568627450981,0.7098039215686275,57
xkcd:neon yellow,0.8117647058823529,1.0,0.01568627450980392,29
xkcd:muddy green,0.396078431372549,0.4549019607843137,0.19607843137254902,17
xkcd:lighter purple,0.6470588235294118,0.35294117647058826,0.9568627450980393,-1
xkcd:silver,0.7725490196078432,0.788235294117647,0.7803921568627451,-1
xkcd:greyish,0.6588235294117647,0.6431372549019608,0.5843137254901961,14
xkcd:lipstick red,0.7529411764705882,0.00784313725490196,0.1843137254901961,58
xkcd:light lavendar,0.9372549019607843,0.7529411764705882,0.996078431372549,27
xkcd:golden brown,0.6980392156862745,0.47843137254901963,0.00392156862745098,7
xkcd:dark taupe,0.4980392156862745,0.40784313725490196,0.3058823529411765,17
xkcd:brownish,0.611764705882353,0.42745098039215684,0.3411764705882353,43
xkcd:light violet,0.8392156862745098,0.7058823529411765,0.9882352941176471,27
xkcd:greenish cyan,0.16470588235294117,0.996078431372549,0.7176470588235294,-1
xkcd:denim,0.23137254901960785,0.38823529411764707,0.5490196078431373,36
xkcd:dark royal blue,0.00784313725490196,0.023529411764705882,0.43529411764705883,38
xkcd:tangerine,1.0,0.5803921568627451,0.03137254901960784,-1
xkcd:muddy brown,0.5333333333333333,0.40784313725490196,0.023529411764705882,7
xkcd:canary,0.9921568627450981,1.0,0.38823529411764707,5
xkcd:light greenish blue,0.38823529411764707,0.9686274509803922,0.7058823529411765,22
xkcd:beige,0.9019607843137255,0.8549019607843137,0.6509803921568628,-1
xkcd:apple green,0.4627450980392157,0.803921568627451,0.14901960784313725,-1
xkcd:key lime,0.6823529411764706,1.0,0.43137254901960786,1
xkcd:chocolate brown,0.2549019607843137,0.09803921568627451,0.0,59
xkcd:bright teal,0.00392156862745098,0.9764705882352941,0.7764705882352941,77
xkcd:dusk blue,0.14901960784313725,0.3254901960784314,0.5529411764705883,36
xkcd:seafoam green,0.47843137254901963,0.9764705882352941,0.6705882352941176,8
xkcd:fresh green,0.4117647058823529,0.8470588235294118,0.30980392156862746,-1
xkcd:pea soup,0.5725490196078431,0.6,0.00392156862745098,7
xkcd:bright violet,0.6784313725490196,0.0392156862745098,0.9921568627450981,55
xkcd:faded purple,0.5686274509803921,0.43137254901960786,0.6,21
xkcd:light grass green,0.6039215686274509,0.9686274509803922,0.39215686274509803,1
xkcd:rust orange,0.7686274509803922,0.3333333333333333,0.03137254901960784,7
xkcd:dark lime,0.5176470588235295,0.7176470588235294,0.00392156862745098,7
xkcd:spring green,0.6627450980392157,0.9764705882352941,0.44313725490196076,1
xkcd:shocking pink,0.996078431372549,0.00784313725490196,0.6352941176470588,32
xkcd:light bright green,0.3254901960784314,0.996078431372549,0.3607843137254902,-1
xkcd:shit,0.4980392156862745,0.37254901960784315,0.0,7
xkcd:dark blue grey,0.12156862745098039,0.23137254901960785,0.30196078431372547,72
xkcd:dark salmon,0.7843137254901961,0.35294117647058826,0.3254901960784314,42
xkcd:butterscotch,0.9921568627450981,0.6941176470588235,0.2784313725490196,37
xkcd:lime green,0.5372549019607843,0.996078431372549,0.0196078431372549,29
xkcd:blue green,0.07450980392156863,0.49411764705882355,0.42745098039215684,2
xkcd:grapefruit,0.9921568627450981,0.34901960784313724,0.33725490196078434,37
xkcd:dusk,0.3058823529411765,0.32941176470588235,0.5058823529411764,36
xkcd:rich purple,0.4470588235294118,0.0,0.34509803921568627,10
xkcd:light light green,0.7843137254901961,1.0,0.6901960784313725,57
xkcd:mustard yellow,0.8235294117647058,0.7411764705882353,0.0392156862745098,7
xkcd:puke brown,0.5803921568627451,0.4666666666666667,0.023529411764705882,7
xkcd:golden rod,0.9764705882352941,0.7372549019607844,0.03137254901960784,26
xkcd:poison green,0.25098039215686274,0.9921568627450981,0.0784313725490196,33
xkcd:bright sky blue,0.00784313725490196,0.8,0.996078431372549,71
xkcd:dark sea green,0.06666666666666667,0.5294117647058824,0.36470588235294116,2
xkcd:pinky red,0.9882352941176471,0.14901960784313725,0.2784313725490196,54
xkcd:sea blue,0.01568627450980392,0.4549019607843137,0.5843137254901961,2
xkcd:browny orange,0.792156862745098,0.4196078431372549,0.00784313725490196,7
xkcd:purpleish blue,0.3803921568627451,0.25098039215686274,0.9372549019607843,24
xkcd:dark gold,0.7098039215686275,0.5803921568627451,0.06274509803921569,7
xkcd:metallic blue,0.30980392156862746,0.45098039215686275,0.5568627450980392,12
xkcd:deep blue,0.01568627450980392,0.00784313725490196,0.45098039215686275,38
xkcd:orange,0.9764705882352941,0.45098039215686275,0.023529411764705882,-1
xkcd:sap green,0.3607843137254902,0.5450980392156862,0.08235294117647059,17
xkcd:rich blue,0.00784313725490196,0.10588235294117647,0.9764705882352941,-1
xkcd:light tan,0.984313725490196,0.9333333333333333,0.6745098039215687,9
xkcd:fluro green,0.0392156862745098,1.0,0.00784313725490196,33
xkcd:aqua,0.07450980392156863,0.9176470588235294,0.788235294117647,-1
xkcd:leaf green,0.3607843137254902,0.6627450980392157,0.01568627450980392,53
xkcd:yellowgreen,0.7333333333333333,0.9764705882352941,0.058823529411764705,29
xkcd:brown green,0.4392156862745098,0.4235294117647059,0.06666666666666667,7
xkcd:purple pink,0.8784313725490196,0.24705882352941178,0.8470588235294118,48
xkcd:pale teal,0.5098039215686274,0.796078431372549,0.6980392156862745,-1
xkcd:umber,0.6980392156862745,0.39215686274509803,0.0,7
xkcd:browny green,0.43529411764705883,0.4235294117647059,0.0392156862745098,7
xkcd:dark grey,0.21176470588235294,0.21568627450980393,0.21568627450980393,49
xkcd:fire engine red,0.996078431372549,0.0,0.00784313725490196,-1
xkcd:pale mauve,0.996078431372549,0.8156862745098039,0.9882352941176471,27
xkcd:dusky blue,0.2784313725490196,0.37254901960784315,0.5803921568627451,12
xkcd:aubergine,0.23921568627450981,0.027450980392156862,0.20392156862745098,3
xkcd:dark hot pink,0.8509803921568627,0.00392156862745098,0.4,60
xkcd:bright olive,0.611764705882353,0.7333333333333333,0.01568627450980392,7
xkcd:steel,0.45098039215686275,0.5215686274509804,0.5843137254901961,12
xkcd:rust,0.6588235294117647,0.23529411764705882,0.03529411764705882,7
xkcd:green grey,0.4666666666666667,0.5725490196078431,0.43529411764705883,-1
xkcd:deep aqua,0.03137254901960784,0.47058823529411764,0.4980392156862745,2
xkcd:manilla,1.0,0.9803921568627451,0.5254901960784314,5
xkcd:deep violet,0.28627450980392155,0.023529411764705882,0.2823529411764706,3
xkcd:very dark blue,0.0,0.00392156862745098,0.2,38
xkcd:algae green,0.12941176470588237,0.7647058823529411,0.43529411764705883,4
xkcd:celery,0.7568627450980392,0.9921568627450981,0.5843137254901961,57
xkcd:night blue,0.01568627450980392,0.011764705882352941,0.2823529411764706,38
xkcd:greyish brown,0.47843137254901963,0.41568627450980394,0.30980392156862746,17
xkcd:light green,0.5882352941176471,0.9764705882352941,0.4823529411764706,1
xkcd:macaroni and cheese,0.9372549019607843,0.7058823529411765,0.20784313725490197,-1
xkcd:medium pink,0.9529411764705882,0.3803921568627451,0.5882352941176471,51
xkcd:pale peach,1.0,0.8980392156862745,0.6784313725490196,9
xkcd:ugly yellow,0.8156862745098039,0.7568627450980392,0.00392156862745098,7
xkcd:poo,0.5607843137254902,0.45098039215686275,0.011764705882352941,7
xkcd:cinnamon,0.6745098039215687,0.30980392156862746,0.023529411764705882,7
xkcd:indigo blue,0.22745098039215686,0.09411764705882353,0.6941176470588235,-1
xkcd:petrol,0.0,0.37254901960784315,0.41568627450980394,2
xkcd:purple/pink,0.8431372549019608,0.1450980392156863,0.8705882352941177,-1
xkcd:dark coral,0.8117647058823529,0.3215686274509804,0.3058823529411765,42
xkcd:rust brown,0.5450980392156862,0.19215686274509805,0.011764705882352941,18
xkcd:greenish brown,0.4117647058823529,0.3803921568627451,0.07058823529411765,7
xkcd:light indigo,0.42745098039215684,0.35294117647058826,0.8117647058823529,20
xkcd:dark grass green,0.2196078431372549,0.5019607843137255,0.01568627450980392,-1
xkcd:marine blue,0.00392156862745098,0.2196078431372549,0.41568627450980394,36
xkcd:bluish green,0.06274509803921569,0.6509803921568628,0.4549019607843137,45
xkcd:blue/purple,0.35294117647058826,0.023529411764705882,0.9372549019607843,24
xkcd:slate,0.3176470588235294,0.396078431372549,0.4470588235294118,36
xkcd:water blue,0.054901960784313725,0.5294117647058824,0.8,-1
xkcd:dark yellow green,0.4470588235294118,0.5607843137254902,0.00784313725490196,7
xkcd:dark tan,0.6862745098039216,0.5333333333333333,0.2901960784313726,43
xkcd:light orange,0.9921568627450981,0.6666666666666666,0.2823529411764706,37
xkcd:military green,0.4,0.48627450980392156,0.24313725490196078,17
xkcd:light rose,1.0,0.7725490196078432,0.796078431372549,30
xkcd:bright green,0.00392156862745098,1.0,0.027450980392156862,33
xkcd:seaweed green,0.20784313725490197,0.6784313725490196,0.4196078431372549,4
xkcd:light teal,0.5647058823529412,0.8941176470588236,0.7568627450980392,-1
xkcd:mustard,0.807843137254902,0.7019607843137254,0.00392156862745098,7
xkcd:neon pink,0.996078431372549,0.00392156862745098,0.6039215686274509,32
xkcd:lightgreen,0.4627450980392157,1.0,0.4823529411764706,1
xkcd:orchid,0.7843137254901961,0.4588235294117647,0.7686274509803922,-1
xkcd:piss yellow,0.8666666666666667,0.8392156862745098,0.09411764705882353,-1
xkcd:maroon,0.396078431372549,0.0,0.12941176470588237,10
xkcd:rusty orange,0.803921568627451,0.34901960784313724,0.03529411764705882,7
xkcd:bright cyan,0.2549019607843137,0.9921568627450981,0.996078431372549,-1
xkcd:yellow orange,0.9882352941176471,0.6901960784313725,0.00392156862745098,26
xkcd:greenish grey,0.5882352941176471,0.6823529411764706,0.5529411764705883,14
xkcd:light grey green,0.7176470588235294,0.8823529411764706,0.6313725490196078,57
xkcd:grey purple,0.5098039215686274,0.42745098039215684,0.5490196078431373,21
xkcd:blue blue,0.13333333333333333,0.25882352941176473,0.7803921568627451,-1
xkcd:lavender pink,0.8666666666666667,0.5215686274509804,0.8431372549019608,-1
xkcd:lipstick,0.8352941176470589,0.09019607843137255,0.3058823529411765,-1
xkcd:blood,0.4666666666666667,0.0,0.00392156862745098,18
xkcd:windows blue,0.21568627450980393,0.47058823529411764,0.7490196078431373,61
xkcd:greyish purple,0.5333333333333333,0.44313725490196076,0.5686274509803921,21
xkcd:pale aqua,0.7215686274509804,1.0,0.9215686274509803,0
xkcd:light urple,0.7019607843137254,0.43529411764705883,0.9647058823529412,13
xkcd:powder blue,0.6941176470588235,0.8196078431372549,0.9882352941176471,11
xkcd:british racing green,0.0196078431372549,0.2823529411764706,0.050980392156862744,16
xkcd:blush pink,0.996078431372549,0.5098039215686274,0.5490196078431373,51
xkcd:blurple,0.3333333333333333,0.2235294117647059,0.8,62
xkcd:heather,0.6431372549019608,0.5176470588235295,0.6745098039215687,56
xkcd:pea,0.6431372549019608,0.7490196078431373,0.12549019607843137,7
xkcd:ochre,0.7490196078431373,0.5647058823529412,0.0196078431372549,7
xkcd:golden,0.9607843137254902,0.7490196078431373,0.011764705882352941,26
xkcd:olive yellow,0.7607843137254902,0.7176470588235294,0.03529411764705882,7
xkcd:orange yellow,1.0,0.6784313725490196,0.00392156862745098,26
xkcd:red pink,0.9803921568627451,0.16470588235294117,0.3333333333333333,54
xkcd:dark indigo,0.12156862745098039,0.03529411764705882,0.32941176470588235,-1
xkcd:putty,0.7450980392156863,0.6823529411764706,0.5411764705882353,14
xkcd:taupe,0.7254901960784313,0.6352941176470588,0.5058823529411764,14
xkcd:light seafoam green,0.6549019607843137,1.0,0.7098039215686275,57
xkcd:dusty orange,0.9411764705882353,0.5137254901960784,0.22745098039215686,37
xkcd:dull yellow,0.9333333333333333,0.8627450980392157,0.3568627450980392,5
xkcd:purple blue,0.38823529411764707,0.17647058823529413,0.9137254901960784,24
xkcd:dark blue green,0.0,0.3215686274509804,0.28627450980392155,2
xkcd:coral pink,1.0,0.3803921568627451,0.38823529411764707,37
xkcd:yellow,1.0,1.0,0.0784313725490196,63
xkcd:pinkish brown,0.6941176470588235,0.4470588235294118,0.3803921568627451,43
xkcd:lime,0.6666666666666666,1.0,0.19607843137254902,28
xkcd:mustard brown,0.6745098039215687,0.49411764705882355,0.01568627450980392,7
xkcd:tealish green,0.047058823529411764,0.8627450980392157,0.45098039215686275,-1
xkcd:grey pink,0.7647058823529411,0.5647058823529412,0.6078431372549019,51
xkcd:brick orange,0.7568627450980392,0.2901960784313726,0.03529411764705882,7
xkcd:apple,0.43137254901960786,0.796078431372549,0.23529411764705882,-1
xkcd:seafoam,0.5019607843137255,0.9764705882352941,0.6784313725490196,8
xkcd:toxic green,0.3803921568627451,0.8705882352941177,0.16470588235294117,-1
xkcd:green/yellow,0.7098039215686275,0.807843137254902,0.03137254901960784,7
xkcd:raspberry,0.6901960784313725,0.00392156862745098,0.28627450980392155,35
xkcd:mid blue,0.15294117647058825,0.41568627450980394,0.7019607843137254,61
xkcd:rust red,0.6666666666666666,0.15294117647058825,0.01568627450980392,18
xkcd:pumpkin,0.8823529411764706,0.4666666666666667,0.00392156862745098,-1
xkcd:plum purple,0.3058823529411765,0.0196078431372549,0.3137254901960784,6
xkcd:light mint,0.7137254901960784,1.0,0.7333333333333333,57
xkcd:marine,0.01568627450980392,0.1803921568627451,0.3764705882352941,36
xkcd:sickly green,0.5803921568627451,0.6980392156862745,0.10980392156862745,7
xkcd:royal blue,0.0196078431372549,0.01568627450980392,0.6666666666666666,-1
xkcd:banana yellow,0.9803921568627451,0.996078431372549,0.29411764705882354,64
xkcd:light sea green,0.596078431372549,0.9647058823529412,0.6901960784313725,8
xkcd:slime green,0.6,0.8,0.01568627450980392,-1
xkcd:peacock blue,0.00392156862745098,0.403921568627451,0.5843137254901961,2
xkcd:deep pink,0.796078431372549,0.00392156862745098,0.3843137254901961,60
xkcd:blue/grey,0.4588235294117647,0.5529411764705883,0.6392156862745098,67
xkcd:kelley green,0.0,0.5764705882352941,0.21568627450980393,65
xkcd:dandelion,0.996078431372549,0.8745098039215686,0.03137254901960784,-1
xkcd:pinky,0.9882352941176471,0.5254901960784314,0.6666666666666666,51
xkcd:dark yellow,0.8352941176470589,0.7137254901960784,0.0392156862745098,7
xkcd:hunter green,0.043137254901960784,0.25098039215686274,0.03137254901960784,16
xkcd:boring green,0.38823529411764707,0.7019607843137254,0.396078431372549,17
xkcd:fern,0.38823529411764707,0.6627450980392157,0.3137254901960784,17
xkcd:dark sand,0.6588235294117647,0.5607843137254902,0.34901960784313724,43
xkcd:deep sky blue,0.050980392156862744,0.4588235294117647,0.9725490196078431,50
xkcd:orange pink,1.0,0.43529411764705883,0.3215686274509804,37
xkcd:dull red,0.7333333333333333,0.24705882352941178,0.24705882352941178,42
xkcd:light aqua,0.5490196078431373,1.0,0.8588235294117647,8
xkcd:orangey red,0.9803921568627451,0.25882352941176473,0.1411764705882353,31
xkcd:teal blue,0.00392156862745098,0.5333333333333333,0.6235294117647059,2
xkcd:black,0.0,0.0,0.0,-1
xkcd:dark olive green,0.23529411764705882,0.30196078431372547,0.011764705882352941,25
xkcd:robin's egg blue,0.596078431372549,0.9372549019607843,0.9764705882352941,-1
xkcd:sunny yellow,1.0,0.9764705882352941,0.09019607843137255,63
xkcd:darkgreen,0.0196078431372549,0.28627450980392155,0.027450980392156862,16
xkcd:faded green,0.4823529411764706,0.6980392156862745,0.4549019607843137,41
xkcd:light forest green,0.30980392156862746,0.5686274509803921,0.3254901960784314,17
xkcd:booger,0.6078431372549019,0.7098039215686275,0.23529411764705882,-1
xkcd:purple red,0.6,0.00392156862745098,0.2784313725490196,35
xkcd:tan,0.8196078431372549,0.6980392156862745,0.43529411764705883,14
xkcd:tea green,0.7411764705882353,0.9725490196078431,0.6392156862745098,57
xkcd:orangish brown,0.6980392156862745,0.37254901960784315,0.011764705882352941,7
xkcd:mint,0.6235294117647059,0.996078431372549,0.6901960784313725,57
xkcd:rose red,0.7450980392156863,0.00392156862745098,0.23529411764705882,58
xkcd:dirty blue,0.24705882352941178,0.5098039215686274,0.615686274509804,12
xkcd:lilac,0.807843137254902,0.6352941176470588,0.9921568627450981,27
xkcd:light bluish green,0.4627450980392157,0.9921568627450981,0.6588235294117647,8
xkcd:midnight purple,0.1568627450980392,0.00392156862745098,0.21568627450980393,3
xkcd:berry,0.6,0.058823529411764705,0.29411764705882354,35
xkcd:orangered,0.996078431372549,0.25882352941176473,0.058823529411764705,31
xkcd:butter,1.0,1.0,0.5058823529411764,5
xkcd:apricot,1.0,0.6941176470588235,0.42745098039215684,-1
xkcd:irish green,0.00392156862745098,0.5843137254901961,0.1607843137254902,65
xkcd:off white,1.0,1.0,0.8941176470588236,9
xkcd:orange brown,0.7450980392156863,0.39215686274509803,0.0,7
xkcd:light aquamarine,0.4823529411764706,0.9921568627450981,0.7803921568627451,8
xkcd:yellowy green,0.7490196078431373,0.9450980392156862,0.1568627450980392,28
xkcd:wine,0.5019607843137255,0.00392156862745098,0.24705882352941178,10
xkcd:muted purple,0.5019607843137255,0.3568627450980392,0.5294117647058824,21
xkcd:cement,0.6470588235294118,0.6392156862745098,0.5686274509803921,14
xkcd:faded yellow,0.996078431372549,1.0,0.4980392156862745,5
xkcd:mid green,0.3137254901960784,0.6549019607843137,0.2784313725490196,17
xkcd:twilight,0.3058823529411765,0.3176470588235294,0.5450980392156862,36
xkcd:mahogany,0.2901960784313726,0.00392156862745098,0.0,66
xkcd:yellow tan,1.0,0.8901960784313725,0.43137254901960786,5
xkcd:duck egg blue,0.7647058823529411,0.984313725490196,0.9568627450980393,0
xkcd:caramel,0.6862745098039216,0.43529411764705883,0.03529411764705882,7
xkcd:gross green,0.6274509803921569,0.7490196078431373,0.08627450980392157,7
xkcd:yellowish green,0.6901960784313725,0.8666666666666667,0.08627450980392157,-1
xkcd:electric blue,0.023529411764705882,0.3215686274509804,1.0,50
xkcd:light lime green,0.7254901960784313,1.0,0.4,1
xkcd:khaki,0.6666666666666666,0.6509803921568628,0.3843137254901961,14
xkcd:grassy green,0.2549019607843137,0.611764705882353,0.011764705882352941,53
xkcd:sun yellow,1.0,0.8745098039215686,0.13333333333333333,-1
xkcd:very light green,0.8196078431372549,1.0,0.7411764705882353,57
xkcd:light gold,0.9921568627450981,0.8627450980392157,0.3607843137254902,5
xkcd:purplish blue,0.3764705882352941,0.11764705882352941,0.9764705882352941,24
xkcd:cerulean,0.01568627450980392,0.5215686274509804,0.8196078431372549,-1
xkcd:grey teal,0.3686274509803922,0.6078431372549019,0.5411764705882353,67
xkcd:strong blue,0.047058823529411764,0.023529411764705882,0.9686274509803922,-1
xkcd:stormy blue,0.3137254901960784,0.4823529411764706,0.611764705882353,12
xkcd:camo,0.4980392156862745,0.5607843137254902,0.3058823529411765,17
xkcd:burple,0.40784313725490196,0.19607843137254902,0.8901960784313725,24
xkcd:watermelon,0.9921568627450981,0.27450980392156865,0.34901960784313724,37
xkcd:ivory,1.0,1.0,0.796078431372549,9
xkcd:medium blue,0.17254901960784313,0.43529411764705883,0.7333333333333333,61
xkcd:fawn,0.8117647058823529,0.6862745098039216,0.4823529411764706,14
xkcd:dusty blue,0.35294117647058826,0.5254901960784314,0.6784313725490196,12
xkcd:light mint green,0.6509803921568628,0.984313725490196,0.6980392156862745,57
xkcd:red violet,0.6196078431372549,0.00392156862745098,0.40784313725490196,35
xkcd:puce,0.6470588235294118,0.49411764705882355,0.3215686274509804,43
xkcd:dark maroon,0.23529411764705882,0.0,0.03137254901960784,66
xkcd:baby shit green,0.5333333333333333,0.592156862745098,0.09019607843137255,7
xkcd:purple grey,0.5254901960784314,0.43529411764705883,0.5215686274509804,21
xkcd:dark magenta,0.5882352941176471,0.0,0.33725490196078434,35
xkcd:pale grey,0.9921568627450981,0.9921568627450981,0.996078431372549,9
xkcd:lavender blue,0.5450980392156862,0.5333333333333333,0.9725490196078431,68
xkcd:raw sienna,0.6039215686274509,0.3843137254901961,0.0,7
xkcd:true blue,0.00392156862745098,0.058823529411764705,0.8,-1
xkcd:pale salmon,1.0,0.6941176470588235,0.6039215686274509,39
xkcd:pastel red,0.8588235294117647,0.34509803921568627,0.33725490196078434,42
xkcd:bright red,1.0,0.0,0.050980392156862744,-1
xkcd:soft green,0.43529411764705883,0.7607843137254902,0.4627450980392157,41
xkcd:burnt red,0.6235294117647059,0.13725490196078433,0.0196078431372549,18
xkcd:mud brown,0.3764705882352941,0.27450980392156865,0.058823529411764705,18
xkcd:warm purple,0.5843137254901961,0.1803921568627451,0.5607843137254902,-1
xkcd:russet,0.6313725490196078,0.2235294117647059,0.0196078431372549,18
xkcd:racing green,0.00392156862745098,0.27450980392156865,0.0,16
xkcd:shamrock green,0.00784313725490196,0.7568627450980392,0.30196078431372547,65
xkcd:light cyan,0.6745098039215687,1.0,0.9882352941176471,-1
xkcd:chestnut,0.4549019607843137,0.1568627450980392,0.00784313725490196,18
xkcd:blueberry,0.27450980392156865,0.2549019607843137,0.5882352941176471,36
xkcd:tomato red,0.9254901960784314,0.17647058823529413,0.00392156862745098,31
xkcd:pinkish,0.8313725490196079,0.41568627450980394,0.49411764705882355,23
xkcd:bluish purple,0.4392156862745098,0.23137254901960785,0.9058823529411765,24
xkcd:very light blue,0.8352941176470589,1.0,1.0,0
xkcd:vivid green,0.1843137254901961,0.9372549019607843,0.06274509803921569,33
xkcd:blue purple,0.3411764705882353,0.1607843137254902,0.807843137254902,62
xkcd:rosa,0.996078431372549,0.5254901960784314,0.6431372549019608,51
xkcd:pastel orange,1.0,0.5882352941176471,0.30980392156862746,37
xkcd:baby shit brown,0.6784313725490196,0.5647058823529412,0.050980392156862744,7
xkcd:vibrant purple,0.6784313725490196,0.011764705882352941,0.8705882352941177,-1
xkcd:aquamarine,0.01568627450980392,0.8470588235294118,0.6980392156862745,75
xkcd:very light pink,1.0,0.9568627450980393,0.9490196078431372,9
xkcd:light turquoise,0.49411764705882355,0.9568627450980393,0.8,8
xkcd:magenta,0.7607843137254902,0.0,0.47058823529411764,-1
xkcd:darkish blue,0.00392156862745098,0.2549019607843137,0.5098039215686274,36
xkcd:dull purple,0.5176470588235295,0.34901960784313724,0.49411764705882355,21
xkcd:highlighter green,0.10588235294117647,0.9882352941176471,0.023529411764705882,33
xkcd:wintergreen,0.12549019607843137,0.9764705882352941,0.5254901960784314,69
xkcd:crimson,0.5490196078431373,0.0,0.058823529411764705,18
xkcd:peachy pink,1.0,0.6039215686274509,0.5411764705882353,39
xkcd:steel blue,0.35294117647058826,0.49019607843137253,0.6039215686274509,12
xkcd:blue with a hint of purple,0.3254901960784314,0.23529411764705882,0.7764705882352941,62
xkcd:burnt yellow,0.8352941176470589,0.6705882352941176,0.03529411764705882,7
xkcd:periwinkle,0.5568627450980392,0.5098039215686274,0.996078431372549,68
xkcd:red orange,0.9921568627450981,0.23529411764705882,0.023529411764705882,31
xkcd:pinkish red,0.9450980392156862,0.047058823529411764,0.27058823529411763,47
xkcd:purple/blue,0.36470588235294116,0.12941176470588237,0.8156862745098039,62
xkcd:cherry red,0.9686274509803922,0.00784313725490196,0.16470588235294117,47
xkcd:forest,0.043137254901960784,0.3333333333333333,0.03529411764705882,16
xkcd:bright purple,0.7450980392156863,0.011764705882352941,0.9921568627450981,55
xkcd:barf green,0.5803921568627451,0.6745098039215687,0.00784313725490196,7
xkcd:azul,0.11372549019607843,0.36470588235294116,0.9254901960784314,-1
xkcd:purplish pink,0.807843137254902,0.36470588235294116,0.6823529411764706,-1
xkcd:chocolate,0.23921568627450981,0.10980392156862745,0.00784313725490196,59
xkcd:barney,0.6745098039215687,0.11372549019607843,0.7215686274509804,-1
xkcd:light navy,0.08235294117647059,0.3137254901960784,0.5176470588235295,36
xkcd:warm grey,0.592156862745098,0.5411764705882353,0.5176470588235295,70
xkcd:ocean,0.00392156862745098,0.4823529411764706,0.5725490196078431,2
xkcd:dirty orange,0.7843137254901961,0.4627450980392157,0.023529411764705882,7
xkcd:dark brown,0.20392156862745098,0.10980392156862745,0.00784313725490196,59
xkcd:darkish green,0.1568627450980392,0.48627450980392156,0.21568627450980393,-1
xkcd:dull brown,0.5294117647058824,0.43137254901960786,0.29411764705882354,17
xkcd:midnight,0.011764705882352941,0.00392156862745098,0.17647058823529413,38
xkcd:purple brown,0.403921568627451,0.22745098039215686,0.24705882352941178,15
xkcd:moss,0.4627450980392157,0.6,0.34509803921568627,17
xkcd:midnight blue,0.00784313725490196,0.0,0.20784313725490197,38
xkcd:vibrant blue,0.011764705882352941,0.2235294117647059,0.9725490196078431,-1
xkcd:pale cyan,0.7176470588235294,1.0,0.9803921568627451,0
xkcd:yellowish,0.9803921568627451,0.9333333333333333,0.4,5
xkcd:neon blue,0.01568627450980392,0.8509803921568627,1.0,71
xkcd:greenish yellow,0.803921568627451,0.9921568627450981,0.00784313725490196,29
xkcd:soft purple,0.6509803921568628,0.43529411764705883,0.7098039215686275,56
xkcd:dark grey blue,0.1607843137254902,0.27450980392156865,0.3568627450980392,72
xkcd:light blue,0.5843137254901961,0.8156862745098039,0.9882352941176471,11
xkcd:green,0.08235294117647059,0.6901960784313725,0.10196078431372549,-1
xkcd:brown yellow,0.6980392156862745,0.592156862745098,0.0196078431372549,7
xkcd:dusty green,0.4627450980392157,0.6627450980392157,0.45098039215686275,41
xkcd:burnt sienna,0.6901960784313725,0.3058823529411765,0.058823529411764705,7
xkcd:dark sky blue,0.26666666666666666,0.5568627450980392,0.8941176470588236,-1
xkcd:light pea green,0.7686274509803922,0.996078431372549,0.5098039215686274,1
xkcd:ice,0.8392156862745098,1.0,0.9803921568627451,0
xkcd:light magenta,0.9803921568627451,0.37254901960784315,0.9686274509803922,73
xkcd:orangeish,0.9921568627450981,0.5529411764705883,0.28627450980392155,37
xkcd:sick green,0.615686274509804,0.7254901960784313,0.17254901960784313,7
xkcd:slate green,0.396078431372549,0.5529411764705883,0.42745098039215684,-1
xkcd:light salmon,0.996078431372549,0.6627450980392157,0.5764705882352941,39
xkcd:seaweed,0.09411764705882353,0.8196078431372549,0.4823529411764706,-1
xkcd:ruby,0.792156862745098,0.00392156862745098,0.2784313725490196,58
xkcd:pale light green,0.6941176470588235,0.9882352941176471,0.6,57
xkcd:greyish teal,0.44313725490196076,0.6235294117647059,0.5686274509803921,67
xkcd:cocoa,0.5294117647058824,0.37254901960784315,0.25882352941176473,17
xkcd:neon purple,0.7372549019607844,0.07450980392156863,0.996078431372549,55
xkcd:acid green,0.5607843137254902,0.996078431372549,0.03529411764705882,29
xkcd:pale magenta,0.8431372549019608,0.403921568627451,0.6784313725490196,-1
xkcd:dirty pink,0.792156862745098,0.4823529411764706,0.5019607843137255,23
xkcd:grey green,0.47058823529411764,0.6078431372549019,0.45098039215686275,41
xkcd:purply blue,0.4,0.10196078431372549,0.9333333333333333,24
xkcd:blue/green,0.058823529411764705,0.6078431372549019,0.5568627450980392,2
xkcd:ultramarine blue,0.09411764705882353,0.0196078431372549,0.8588235294117647,-1
xkcd:goldenrod,0.9803921568627451,0.7607843137254902,0.0196078431372549,26
xkcd:dull pink,0.8352941176470589,0.5254901960784314,0.615686274509804,51
xkcd:dark teal,0.00392156862745098,0.30196078431372547,0.3058823529411765,2
xkcd:hazel,0.5568627450980392,0.4627450980392157,0.09411764705882353,7
xkcd:old rose,0.7843137254901961,0.4980392156862745,0.5372549019607843,23
xkcd:brownish grey,0.5254901960784314,0.4666666666666667,0.37254901960784315,17
xkcd:shamrock,0.00392156862745098,0.7058823529411765,0.2980392156862745,65
xkcd:ugly pink,0.803921568627451,0.4588235294117647,0.5176470588235295,23
xkcd:adobe,0.7411764705882353,0.4235294117647059,0.2823529411764706,42
xkcd:light yellow,1.0,0.996078431372549,0.47843137254901963,5
xkcd:poo brown,0.5333333333333333,0.37254901960784315,0.00392156862745098,7
xkcd:grey brown,0.4980392156862745,0.4392156862745098,0.3254901960784314,17
xkcd:pastel pink,1.0,0.7294117647058823,0.803921568627451,30
xkcd:mint green,0.5607843137254902,1.0,0.6235294117647059,8
xkcd:true green,0.03137254901960784,0.5803921568627451,0.01568627450980392,-1
xkcd:light light blue,0.792156862745098,1.0,0.984313725490196,0
xkcd:turquoise green,0.01568627450980392,0.9568627450980393,0.5372549019607843,69
xkcd:pine green,0.0392156862745098,0.2823529411764706,0.11764705882352941,16
xkcd:lightish red,0.996078431372549,0.1843137254901961,0.2901960784313726,54
xkcd:cool blue,0.28627450980392155,0.5176470588235295,0.7215686274509804,61
xkcd:baby poop green,0.5607843137254902,0.596078431372549,0.0196078431372549,7
xkcd:heliotrope,0.8509803921568627,0.30980392156862746,0.9607843137254902,13
xkcd:ugly blue,0.19215686274509805,0.4,0.5411764705882353,36
xkcd:reddish orange,0.9725490196078431,0.2823529411764706,0.10980392156862745,31
xkcd:kelly green,0.00784313725490196,0.6705882352941176,0.1803921568627451,65
xkcd:darkish pink,0.8549019607843137,0.27450980392156865,0.49019607843137253,-1
xkcd:army green,0.29411764705882354,0.36470588235294116,0.08627450980392157,52
xkcd:dark lime green,0.49411764705882355,0.7411764705882353,0.00392156862745098,-1
xkcd:brownish green,0.41568627450980394,0.43137254901960786,0.03529411764705882,7
xkcd:strawberry,0.984313725490196,0.1607843137254902,0.2627450980392157,54
xkcd:muted blue,0.23137254901960785,0.44313725490196076,0.6235294117647059,12
xkcd:cream,1.0,1.0,0.7607843137254902,9
xkcd:light seafoam,0.6274509803921569,0.996078431372549,0.7490196078431373,8
xkcd:robin egg blue,0.5411764705882353,0.9450980392156862,0.996078431372549,-1
xkcd:sea,0.23529411764705882,0.6,0.5725490196078431,67
xkcd:scarlet,0.7450980392156863,0.00392156862745098,0.09803921568627451,58
xkcd:green blue,0.023529411764705882,0.7058823529411765,0.5450980392156862,45
xkcd:royal,0.047058823529411764,0.09019607843137255,0.5764705882352941,-1
xkcd:vibrant green,0.0392156862745098,0.8666666666666667,0.03137254901960784,-1
xkcd:denim blue,0.23137254901960785,0.3568627450980392,0.5725490196078431,36
xkcd:dark navy,0.0,0.01568627450980392,0.20784313725490197,38
xkcd:dark seafoam green,0.24313725490196078,0.6862745098039216,0.4627450980392157,4
xkcd:burgundy,0.3803921568627451,0.0,0.13725490196078433,10
xkcd:electric green,0.12941176470588237,0.9882352941176471,0.050980392156862744,33
xkcd:pale rose,0.9921568627450981,0.7568627450980392,0.7725490196078432,30
xkcd:chartreuse,0.7568627450980392,0.9725490196078431,0.0392156862745098,29
xkcd:dirty yellow,0.803921568627451,0.7725490196078432,0.0392156862745098,7
xkcd:navy blue,0.0,0.06666666666666667,0.27450980392156865,38
xkcd:purply,0.596078431372549,0.24705882352941178,0.6980392156862745,74
xkcd:vomit,0.6352941176470588,0.6431372549019608,0.08235294117647059,7
xkcd:deep magenta,0.6274509803921569,0.00784313725490196,0.3607843137254902,35
xkcd:sandy yellow,0.9921568627450981,0.9333333333333333,0.45098039215686275,5
xkcd:pig pink,0.9058823529411765,0.5568627450980392,0.6470588235294118,51
xkcd:pale blue,0.8156862745098039,0.996078431372549,0.996078431372549,0
xkcd:booger green,0.5882352941176471,0.7058823529411765,0.011764705882352941,7
xkcd:light burgundy,0.6588235294117647,0.2549019607843137,0.3568627450980392,42
xkcd:purplish grey,0.47843137254901963,0.40784313725490196,0.4980392156862745,21
xkcd:red purple,0.5098039215686274,0.027450980392156862,0.2784313725490196,10
xkcd:merlot,0.45098039215686275,0.0,0.2235294117647059,10
xkcd:pea green,0.5568627450980392,0.6705882352941176,0.07058823529411765,7
xkcd:puke green,0.6039215686274509,0.6823529411764706,0.027450980392156862,7
xkcd:purpleish,0.596078431372549,0.33725490196078434,0.5529411764705883,-1
xkcd:medium brown,0.4980392156862745,0.3176470588235294,0.07058823529411765,7
xkcd:washed out green,0.7372549019607844,0.9607843137254902,0.6509803921568628,57
xkcd:dark lavender,0.5215686274509804,0.403921568627451,0.596078431372549,21
xkcd:fluorescent green,0.03137254901960784,1.0,0.03137254901960784,33
xkcd:easter purple,0.7529411764705882,0.44313725490196076,0.996078431372549,13
xkcd:celadon,0.7450980392156863,0.9921568627450981,0.7176470588235294,57
xkcd:dark lilac,0.611764705882353,0.42745098039215684,0.6470588235294118,56
xkcd:pale pink,1.0,0.8117647058823529,0.8627450980392157,30
xkcd:greenish beige,0.788235294117647,0.8196078431372549,0.4745098039215686,40
xkcd:bright sea green,0.0196078431372549,1.0,0.6509803921568628,77
xkcd:sand yellow,0.9882352941176471,0.8823529411764706,0.4,5
xkcd:very pale green,0.8117647058823529,0.9921568627450981,0.7372549019607844,57
xkcd:blood red,0.596078431372549,0.0,0.00784313725490196,18
xkcd:pea soup green,0.5803921568627451,0.6509803921568628,0.09019607843137255,7
xkcd:light maroon,0.6352941176470588,0.2823529411764706,0.3411764705882353,42
xkcd:emerald,0.00392156862745098,0.6274509803921569,0.28627450980392155,65
xkcd:bronze,0.6588235294117647,0.4745098039215686,0.0,7
xkcd:light mustard,0.9686274509803922,0.8352941176470589,0.3764705882352941,5
xkcd:light neon green,0.3058823529411765,0.9921568627450981,0.32941176470588235,-1
xkcd:pale turquoise,0.6470588235294118,0.984313725490196,0.8352941176470589,8
xkcd:squash,0.9490196078431372,0.6705882352941176,0.08235294117647059,26
xkcd:purplish red,0.6901960784313725,0.0196078431372549,0.29411764705882354,35
xkcd:bright lime green,0.396078431372549,0.996078431372549,0.03137254901960784,-1
xkcd:sunshine yellow,1.0,0.9921568627450981,0.21568627450980393,64
xkcd:saffron,0.996078431372549,0.6980392156862745,0.03529411764705882,26
xkcd:brick,0.6274509803921569,0.21176470588235294,0.13725490196078433,-1
xkcd:very dark purple,0.16470588235294117,0.00392156862745098,0.20392156862745098,3
xkcd:medium purple,0.6196078431372549,0.2627450980392157,0.6352941176470588,74
xkcd:topaz,0.07450980392156863,0.7333333333333333,0.6862745098039216,75
xkcd:dark blue,0.0,0.011764705882352941,0.3568627450980392,38
xkcd:kiwi green,0.5568627450980392,0.8980392156862745,0.24705882352941178,-1
xkcd:shit brown,0.4823529411764706,0.34509803921568627,0.01568627450980392,7
xkcd:greeny brown,0.4117647058823529,0.3764705882352941,0.023529411764705882,7
xkcd:grass green,0.24705882352941178,0.6078431372549019,0.043137254901960784,53
xkcd:pinkish orange,1.0,0.4470588235294118,0.2980392156862745,37
xkcd:bluish,0.1607843137254902,0.4627450980392157,0.7333333333333333,61
xkcd:light lavender,0.8745098039215686,0.7725490196078432,0.996078431372549,27
xkcd:sky blue,0.4588235294117647,0.7333333333333333,0.9921568627450981,11
xkcd:dark fuchsia,0.615686274509804,0.027450980392156862,0.34901960784313724,35
xkcd:dark rose,0.7098039215686275,0.2823529411764706,0.36470588235294116,42
xkcd:auburn,0.6039215686274509,0.18823529411764706,0.00392156862745098,18
xkcd:nasty green,0.4392156862745098,0.6980392156862745,0.24705882352941178,17
xkcd:forest green,0.023529411764705882,0.2784313725490196,0.047058823529411764,16
xkcd:moss green,0.396078431372549,0.5450980392156862,0.2196078431372549,17
xkcd:leaf,0.44313725490196076,0.6666666666666666,0.20392156862745098,17
xkcd:purpley pink,0.7843137254901961,0.23529411764705882,0.7254901960784313,-1
xkcd:bluey purple,0.3843137254901961,0.2549019607843137,0.7803921568627451,62
xkcd:brownish yellow,0.788235294117647,0.6901960784313725,0.011764705882352941,7
xkcd:leafy green,0.3176470588235294,0.7176470588235294,0.23137254901960785,17
xkcd:lawn green,0.30196078431372547,0.6431372549019608,0.03529411764705882,53
xkcd:yellowish orange,1.0,0.6705882352941176,0.058823529411764705,26
xkcd:light beige,1.0,0.996078431372549,0.7137254901960784,9
xkcd:carolina blue,0.5411764705882353,0.7215686274509804,0.996078431372549,11
xkcd:dark mint,0.2823529411764706,0.7529411764705882,0.4470588235294118,-1
xkcd:dusty rose,0.7529411764705882,0.45098039215686275,0.47843137254901963,23
xkcd:violet pink,0.984313725490196,0.37254901960784315,0.9882352941176471,73
xkcd:dull teal,0.37254901960784315,0.6196078431372549,0.5607843137254902,67
xkcd:reddish brown,0.4980392156862745,0.16862745098039217,0.0392156862745098,18
xkcd:reddish purple,0.5686274509803921,0.03529411764705882,0.3176470588235294,35
xkcd:bright yellow,1.0,0.9921568627450981,0.00392156862745098,63
xkcd:kermit green,0.3607843137254902,0.6980392156862745,0.0,53
xkcd:dark turquoise,0.01568627450980392,0.3607843137254902,0.35294117647058826,2
xkcd:lightish purple,0.6470588235294118,0.3215686274509804,0.9019607843137255,-1
xkcd:vomit yellow,0.7803921568627451,0.7568627450980392,0.047058823529411764,7
xkcd:gold,0.8588235294117647,0.7058823529411765,0.047058823529411764,7
xkcd:darkish red,0.6627450980392157,0.011764705882352941,0.03137254901960784,18
xkcd:puke yellow,0.7607843137254902,0.7450980392156863,0.054901960784313725,7
xkcd:cloudy blue,0.6745098039215687,0.7607843137254902,0.8509803921568627,76
xkcd:deep red,0.6039215686274509,0.00784313725490196,0.0,18
xkcd:neon green,0.047058823529411764,1.0,0.047058823529411764,33
xkcd:dusty lavender,0.6745098039215687,0.5254901960784314,0.6588235294117647,56
xkcd:teal green,0.1450980392156863,0.6392156862745098,0.43529411764705883,4
xkcd:warm brown,0.5882352941176471,0.3058823529411765,0.00784313725490196,7
xkcd:darkish purple,0.4588235294117647,0.09803921568627451,0.45098039215686275,-1
xkcd:light moss green,0.6509803921568628,0.7843137254901961,0.4588235294117647,40
xkcd:iris,0.3843137254901961,0.34509803921568627,0.7686274509803922,20
xkcd:dark orange,0.7764705882352941,0.3176470588235294,0.00784313725490196,7
xkcd:yellow ochre,0.796078431372549,0.615686274509804,0.023529411764705882,7
xkcd:indian red,0.5215686274509804,0.054901960784313725,0.01568627450980392,18
xkcd:light sage,0.7372549019607844,0.9254901960784314,0.6745098039215687,57
xkcd:grey blue,0.4196078431372549,0.5450980392156862,0.6431372549019608,12
xkcd:asparagus,0.4666666666666667,0.6705882352941176,0.33725490196078434,17
xkcd:earth,0.6352941176470588,0.396078431372549,0.24313725490196078,42
xkcd:greyish green,0.5098039215686274,0.6509803921568628,0.49019607843137253,41
xkcd:off green,0.4196078431372549,0.6392156862745098,0.3254901960784314,17
xkcd:electric lime,0.6588235294117647,1.0,0.01568627450980392,29
xkcd:cornflower,0.41568627450980394,0.4745098039215686,0.9686274509803922,-1
xkcd:battleship grey,0.4196078431372549,0.48627450980392156,0.5215686274509804,12
xkcd:bluish grey,0.4549019607843137,0.5450980392156862,0.592156862745098,67
xkcd:milk chocolate,0.4980392156862745,0.3058823529411765,0.11764705882352941,7
xkcd:prussian blue,0.0,0.27058823529411763,0.4666666666666667,36
xkcd:ugly green,0.47843137254901963,0.592156862745098,0.011764705882352941,7
xkcd:hot magenta,0.9607843137254902,0.01568627450980392,0.788235294117647,34
xkcd:deep orange,0.8627450980392157,0.30196078431372547,0.00392156862745098,-1
xkcd:azure,0.023529411764705882,0.6039215686274509,0.9529411764705882,-1
xkcd:sage,0.5294117647058824,0.6823529411764706,0.45098039215686275,41
xkcd:red brown,0.5450980392156862,0.1803921568627451,0.08627450980392157,18
xkcd:light blue green,0.49411764705882355,0.984313725490196,0.7019607843137254,8
xkcd:grape,0.4235294117647059,0.20392156862745098,0.3803921568627451,-1
xkcd:brown orange,0.7254901960784313,0.4117647058823529,0.00784313725490196,7
xkcd:cherry,0.8117647058823529,0.00784313725490196,0.20392156862745098,58
xkcd:ugly purple,0.6431372549019608,0.25882352941176473,0.6274509803921569,74
xkcd:sand brown,0.796078431372549,0.6470588235294118,0.3764705882352941,14
xkcd:hot purple,0.796078431372549,0.0,0.9607843137254902,55
xkcd:cerise,0.8705882352941177,0.047058823529411764,0.3843137254901961,60
xkcd:light periwinkle,0.7568627450980392,0.7764705882352941,0.9882352941176471,11
xkcd:dusty purple,0.5098039215686274,0.37254901960784315,0.5294117647058824,21
xkcd:pale lime,0.7450980392156863,0.9921568627450981,0.45098039215686275,1
xkcd:yellowy brown,0.6823529411764706,0.5450980392156862,0.047058823529411764,7
xkcd:rouge,0.6705882352941176,0.07058823529411765,0.2235294117647059,10
xkcd:carnation,0.9921568627450981,0.4745098039215686,0.5607843137254902,51
xkcd:turtle green,0.4588235294117647,0.7215686274509804,0.30980392156862746,17
xkcd:egg shell,1.0,0.9882352941176471,0.7686274509803922,9
xkcd:baby pink,1.0,0.7176470588235294,0.807843137254902,30
xkcd:powder pink,1.0,0.6980392156862745,0.8156862745098039,30
xkcd:drab green,0.4549019607843137,0.5843137254901961,0.3176470588235294,17
xkcd:lemon yellow,0.9921568627450981,1.0,0.2196078431372549,64
xkcd:dark mustard,0.6588235294117647,0.5372549019607843,0.0196078431372549,7
xkcd:aqua blue,0.00784313725490196,0.8470588235294118,0.9137254901960784,71
xkcd:hospital green,0.6078431372549019,0.8980392156862745,0.6666666666666666,8
xkcd:light olive,0.6745098039215687,0.7490196078431373,0.4117647058823529,40
xkcd:lichen,0.5607843137254902,0.7137254901960784,0.4823529411764706,41
xkcd:minty green,0.043137254901960784,0.9686274509803922,0.49019607843137253,69
xkcd:cadet blue,0.3058823529411765,0.4549019607843137,0.5882352941176471,12
xkcd:light pink,1.0,0.8196078431372549,0.8745098039215686,30
xkcd:brown grey,0.5529411764705883,0.5176470588235295,0.40784313725490196,17
xkcd:dark aquamarine,0.00392156862745098,0.45098039215686275,0.44313725490196076,2
xkcd:lavender,0.7803921568627451,0.6235294117647059,0.9372549019607843,27
xkcd:eggplant purple,0.2627450980392157,0.0196078431372549,0.2549019607843137,3
xkcd:light olive green,0.6431372549019608,0.7450980392156863,0.3607843137254902,40
xkcd:golden yellow,0.996078431372549,0.7764705882352941,0.08235294117647059,26
xkcd:baby purple,0.792156862745098,0.6078431372549019,0.9686274509803922,27
xkcd:dark aqua,0.0196078431372549,0.4117647058823529,0.4196078431372549,2
xkcd:brownish purple,0.4627450980392157,0.25882352941176473,0.3058823529411765,15
xkcd:bordeaux,0.4823529411764706,0.0,0.17254901960784313,10
xkcd:cobalt blue,0.011764705882352941,0.0392156862745098,0.6549019607843137,-1
xkcd:bright pink,0.996078431372549,0.00392156862745098,0.6941176470588235,32
xkcd:pale red,0.8509803921568627,0.32941176470588235,0.30196078431372547,42
xkcd:very light brown,0.8274509803921568,0.7137254901960784,0.5137254901960784,14
xkcd:amethyst,0.6078431372549019,0.37254901960784315,0.7529411764705882,56
xkcd:bubblegum,1.0,0.4235294117647059,0.7098039215686275,-1
xkcd:pink,1.0,0.5058823529411764,0.7529411764705882,51
xkcd:purpley blue,0.37254901960784315,0.20392156862745098,0.9058823529411765,24
xkcd:sandy,0.9450980392156862,0.8549019607843137,0.47843137254901963,5
xkcd:tan brown,0.6705882352941176,0.49411764705882355,0.2980392156862745,43
xkcd:light lilac,0.9294117647058824,0.7843137254901961,1.0,27
xkcd:dull orange,0.8470588235294118,0.5254901960784314,0.23137254901960785,-1
xkcd:very dark brown,0.11372549019607843,0.00784313725490196,0.0,-1
xkcd:sandstone,0.788235294117647,0.6823529411764706,0.4549019607843137,14
xkcd:dust,0.6980392156862745,0.6,0.43137254901960786,14
xkcd:olive brown,0.39215686274509803,0.32941176470588235,0.011764705882352941,7
xkcd:bile,0.7098039215686275,0.7647058823529411,0.023529411764705882,7
xkcd:greenish turquoise,0.0,0.984313725490196,0.6901960784313725,77
xkcd:coral,0.9882352941176471,0.35294117647058826,0.3137254901960784,37
xkcd:light yellow green,0.8,0.9921568627450981,0.4980392156862745,1
xkcd:greenish blue,0.043137254901960784,0.5450980392156862,0.5294117647058824,2
xkcd:bubblegum pink,0.996078431372549,0.5137254901960784,0.8,51
xkcd:really light blue,0.8313725490196079,1.0,1.0,0
xkcd:greeny yellow,0.7764705882352941,0.9725490196078431,0.03137254901960784,29
xkcd:rose pink,0.9686274509803922,0.5294117647058824,0.6039215686274509,51
xkcd:green brown,0.32941176470588235,0.3058823529411765,0.011764705882352941,18
xkcd:custard,1.0,0.9921568627450981,0.47058823529411764,5
xkcd:cerulean blue,0.0196078431372549,0.43137254901960786,0.9333333333333333,50
xkcd:deep lavender,0.5529411764705883,0.3686274509803922,0.7176470588235294,56
xkcd:dark mint green,0.12549019607843137,0.7529411764705882,0.45098039215686275,4
xkcd:pastel green,0.6901960784313725,1.0,0.615686274509804,57
xkcd:weird green,0.22745098039215686,0.8980392156862745,0.4980392156862745,-1
xkcd:blood orange,0.996078431372549,0.29411764705882354,0.011764705882352941,31
xkcd:gunmetal,0.3254901960784314,0.3843137254901961,0.403921568627451,36
xkcd:faded pink,0.8705882352941177,0.615686274509804,0.6745098039215687,51
xkcd:light red,1.0,0.2784313725490196,0.2980392156862745,37
xkcd:brown,0.396078431372549,0.21568627450980393,0.0,18
xkcd:light khaki,0.9019607843137255,0.9490196078431372,0.6352941176470588,-1
xkcd:faded red,0.8274509803921568,0.28627450980392155,0.3058823529411765,42
xkcd:navy green,0.20784313725490197,0.3254901960784314,0.0392156862745098,25
xkcd:camo green,0.3215686274509804,0.396078431372549,0.1450980392156863,52
xkcd:purply pink,0.9411764705882353,0.4588235294117647,0.9019607843137255,-1
xkcd:turquoise,0.023529411764705882,0.7607843137254902,0.6745098039215687,75
xkcd:eggshell,1.0,1.0,0.8313725490196079,9
xkcd:old pink,0.7803921568627451,0.4745098039215686,0.5254901960784314,23
xkcd:brownish orange,0.796078431372549,0.4666666666666667,0.13725490196078433,-1
xkcd:sienna,0.6627450980392157,0.33725490196078434,0.11764705882352941,7
xkcd:tan green,0.6627450980392157,0.7450980392156863,0.4392156862745098,40
xkcd:dried blood,0.29411764705882354,0.00392156862745098,0.00392156862745098,66
xkcd:barney purple,0.6274509803921569,0.01568627450980392,0.596078431372549,-1
xkcd:muddy yellow,0.7490196078431373,0.6745098039215687,0.0196078431372549,7
xkcd:grey/green,0.5254901960784314,0.6313725490196078,0.49019607843137253,41
xkcd:deep brown,0.2549019607843137,0.00784313725490196,0.0,66
xkcd:orangish,0.9882352941176471,0.5098039215686274,0.2901960784313726,37
xkcd:cobalt,0.11764705882352941,0.2823529411764706,0.5607843137254902,36
xkcd:carnation pink,1.0,0.4980392156862745,0.6549019607843137,51
xkcd:teal,0.00784313725490196,0.5764705882352941,0.5254901960784314,2
xkcd:lime yellow,0.8156862745098039,0.996078431372549,0.11372549019607843,28
xkcd:canary yellow,1.0,0.996078431372549,0.25098039215686274,64
xkcd:terracota,0.796078431372549,0.40784313725490196,0.2627450980392157,42
xkcd:pinky purple,0.788235294117647,0.2980392156862745,0.7450980392156863,-1
xkcd:greenish,0.25098039215686274,0.6392156862745098,0.40784313725490196,17
xkcd:pumpkin orange,0.984313725490196,0.49019607843137253,0.027450980392156862,-1
xkcd:dull green,0.4549019607843137,0.6509803921568628,0.3843137254901961,41
xkcd:jade,0.12156862745098039,0.6549019607843137,0.4549019607843137,4
xkcd:barbie pink,0.996078431372549,0.27450980392156865,0.6470588235294118,-1
xkcd:royal purple,0.29411764705882354,0.0,0.43137254901960786,-1
xkcd:dusty teal,0.2980392156862745,0.5647058823529412,0.5215686274509804,67
xkcd:copper,0.7137254901960784,0.38823529411764707,0.1450980392156863,-1
xkcd:snot green,0.615686274509804,0.7568627450980392,0.0,7
xkcd:mud,0.45098039215686275,0.3607843137254902,0.07058823529411765,7
xkcd:white,1.0,1.0,1.0,9
xkcd:burnt umber,0.6274509803921569,0.27058823529411763,0.054901960784313725,7
xkcd:baby puke green,0.7137254901960784,0.7686274509803922,0.023529411764705882,7
xkcd:rosy pink,0.9647058823529412,0.40784313725490196,0.5568627450980392,51
xkcd:plum,0.34509803921568627,0.058823529411764705,0.2549019607843137,6
xkcd:very pale blue,0.8392156862745098,1.0,0.996078431372549,0
xkcd:greenblue,0.13725490196078433,0.7686274509803922,0.5450980392156862,-1
xkcd:light plum,0.615686274509804,0.3411764705882353,0.5137254901960784,-1
xkcd:charcoal grey,0.23529411764705882,0.2549019607843137,0.25882352941176473,49
xkcd:off yellow,0.9450980392156862,0.9529411764705882,0.24705882352941178,64
xkcd:violet red,0.6470588235294118,0.0,0.3333333333333333,35
xkcd:dark red,0.5176470588235295,0.0,0.0,18
xkcd:light grey,0.8470588235294118,0.8627450980392157,0.8392156862745098,-1
xkcd:bright orange,1.0,0.3568627450980392,0.0,31
xkcd:sand,0.8862745098039215,0.792156862745098,0.4627450980392157,-1
xkcd:spearmint,0.11764705882352941,0.9725490196078431,0.4627450980392157,69
xkcd:muted pink,0.8196078431372549,0.4627450980392157,0.5607843137254902,23
xkcd:pale olive green,0.6941176470588235,0.8235294117647058,0.4823529411764706,40
xkcd:lemon,0.9921568627450981,1.0,0.3215686274509804,64
xkcd:pale lilac,0.8941176470588236,0.796078431372549,1.0,27
xkcd:rose,0.8117647058823529,0.3843137254901961,0.4588235294117647,-1
xkcd:purpley grey,0.5803921568627451,0.49411764705882355,0.5803921568627451,70
xkcd:candy pink,1.0,0.38823529411764707,0.9137254901960784,73
xkcd:light pastel green,0.6980392156862745,0.984313725490196,0.6470588235294118,57
xkcd:pink purple,0.8588235294117647,0.29411764705882354,0.8549019607843137,48
xkcd:pale violet,0.807843137254902,0.6823529411764706,0.9803921568627451,27
xkcd:burnt orange,0.7529411764705882,0.3058823529411765,0.00392156862745098,7
xkcd:salmon,1.0,0.4745098039215686,0.4235294117647059,51
xkcd:darkblue,0.011764705882352941,0.027450980392156862,0.39215686274509803,38
xkcd:fern green,0.32941176470588235,0.5529411764705883,0.26666666666666666,17
